Tweet_ID,Sentiment_Label,Probability_pos
1316875440460529665,negative,0.004665931436858303
1316876271075254272,negative,0.031239315489675915
1316876275252822016,neutral,0.33044187471235137
1316876277232488449,negative,0.042286889379032265
1316876279111589888,negative,0.05457050359959358
1316876281955319813,neutral,0.6489456023793738
1316876285570805761,neutral,0.37402647468576194
1316876291111489536,positive,0.9280265728434264
1316876305770577920,negative,0.03858067952916844
1316876391464402944,negative,6.723185619478913e-05
1316876501447438337,negative,2.818815029596109e-12
1316876278109069312,positive,0.931944769943925
1316876280634109952,positive,0.9159584058179776
1316876281468780545,neutral,0.5317641827247495
1316876292487180288,negative,0.12239827232910852
1316876294907289600,negative,0.0005371931830909286
1316876299487473664,negative,0.002206277259189937
1316876299885895680,neutral,0.5270691805980842
1316876316243763200,negative,1.25541706066891e-05
